homeless_service_name,address
Old Theda,"Theda Station Airport, Drysdale River WA 6740"
Garl Garl Walbu Sobering Up Shelter,"23 Stanley Street, Derby WA 6728"
Ngnowar-Aerwah Aboriginal Corporation,"471 Great Northern Highway, Wyndham WA 6740"
Centacare Kimberley,"23 Robinson Street, Broome WA 6725"
Australian Red Cross,"2/38 Frederick Street, Broome WA 6725"
Mens Outreach Service Inc,"11 Hamersley Street, Broome WA 6725"
Mission Australia,"Unit 3/8 Hilditch Ave, Newman WA 6753"
Save the Children,"26 Rogers Way, Newman WA 6753"
Mission Australian Newman,"Newman House, 9-14, 15 Iron Ore Parade, Newman WA 6753"
East Pilbara Independence Support,"Candlestick Dr, Newman WA 6753"
Mission Australia Tom Price,Tom Price WA 6751
Mission Australia South Hedland,"3/7 Tonkin Street, South Hedland WA 6722"
Port Hedland Sobering-Up Centre Inc.,"14 Forrest Cir, South Hedland WA 6722"
MacKillop Family Services Port Hedland,"2/7 Tonkin Street, South Hedland WA 6722"
Youth Involvement Council,"34 Lawson Street, South Hedland 6722"
Karratha Youth Housing Project,"7 Goodwyn Cl, Millars Well WA 6714"
Mission Australia,"Unit 6/2642 Balmoral Road, Karratha WA 6714"
EPIC - Empowering People in Communities,"22 Balmoral Road, Karratha WA 6714"
Regional Development Australia Pilbara,"Level 1/18 Hedland Place, Karratha WA 6714"
Hope Community Services,"Shop 36, Karratha Village Shopping Centre, 15 Sharpe Ave, Karratha WA 6714"
CFSS WA Ltd,"Lotteries House, 1 Camel Lane, 53 Olivia Terrace, Carnarvon WA 6701"
Mission Australia,"97 Main Street, Meekatharra WA 6642"
Mission Australia,"35 Brookman Street, Kalgoorlie WA 6430"
Anglicare WA,"44 Collie Street, Albany WA 6330"
Uniting WA,"11-15 Townsend Street, Lockyer WA 6330"
St Vincent de Paul Society,"17 Chevalier Street, Centennial Park WA 6330"
Albany Youth Support Association,12 Young Street Albany WA 6330
Mental Health Step Up/Step Down Service - Albany,"17 Diprose Cres, Spencer Park WA 6330"
Australian Red Cross,"5 Mount Barker Road, Mount Barker WA 6324"
Australian Red Cross,"Cnr Mitchell & Price Street, Denmark WA 6333"
Esperance Crisis Accommodation Service Inc.,"14 Emily Street, Esperance WA 6450"
Life Without Barriers Esperance WA,"Units 3 & 4, 53 The Esplanade, Esperance WA 6450"
Australian Red Cross,"57 Dempster Street, Esperance WA 6450"
Esperance Care Services ECS,"2 Gilpin Street, Chadwick WA 6450"
Bega Garnbirringu - Homelessness Shelter,"8 MacDonald Street, Kalgoorlie WA 6430"
Anglicare WA,"42 Wilson Street, Kalgoorlie WA 6430"
headspace Kalgoorlie,"Level 1/48 Brookman Street, Kalgoorlie WA 6430"
Australian Red Cross,"39 Dugan Street, Kalgoorlie WA 6430"
Goldfields Women's Refuge,"29 Dugan Street, Kalgoorlie WA 6430"
Life Without Barriers Kalgoorlie WA,"8/53 Brookman Street, Kalgoorlie WA 6430"
Youth Focus,"34 Wittenoom St, Bunbury WA 6230"
Bunbury Community Group Inc.,"99/101 Victoria St, Bunbury WA 6230"
Accordwest,"26-28 Forrest Ave, South Bunbury WA 6230"
Neami Bunbury,"2/93 Albert Road, Bunbury WA 6230"
Centrecare,"103 Clarke St, South Bunbury WA 6230"
Anglicare WA,"119 Queen St, Busselton WA 6280"
River Angels,"13 Chuditch Pl, Gnarabup WA 6285"
Just Home Margaret River Inc,"33 Tunbridge St, Margaret River WA 6285"
Anglicare WA,"Central Arcade, 100 Clive St, Katanning WA 6317"
